name,price,platform
OPPO Reno Z 8GB/128G 6.4吋 紫色,11990,PChome線上購物
OPPO Reno 愛心玻璃手機殼 OPPO 純色簡約保護套 毆珀 OPPO Reno 紫色愛心 情侶潮牌手機套,499,Yahoo超級商城
Topbao OPPO Reno 6.4 冰晶蠶絲質感隱磁插卡保護皮套 (紫色),490,神腦
Topbao OPPO Reno Z 冰晶蠶絲質感隱磁插卡保護皮套 (紫色),490,PChome線上購物
Topbao OPPO Reno 6.6 冰晶蠶絲質感隱磁插卡保護皮套 (紫色),490,神腦
Topbao OPPO Reno Z 冰晶蠶絲質感隱磁插卡保護皮套 (紫色),490,神腦
Topbao OPPO Reno Z 冰晶蠶絲質感隱磁插卡保護皮套 (紫色),466,森森購物網
Topbao OPPO Reno 10倍變焦版 冰晶蠶絲質感隱磁插卡保護皮套 (紫色),466,森森購物網
Topbao OPPO Reno 冰晶蠶絲質感隱磁插卡保護皮套 (紫色),466,森森購物網
Topbao OPPO Reno 冰晶蠶絲質感隱磁插卡保護皮套 (紫色),446,東森購物
Topbao OPPO Reno 10倍變焦版 冰晶蠶絲質感隱磁插卡保護皮套 (紫色),446,東森購物
Topbao OPPO Reno Z 冰晶蠶絲質感隱磁插卡保護皮套 (紫色),446,東森購物
Topbao OPPO Reno 冰晶蠶絲質感隱磁插卡保護皮套 (紫色),446,東森購物
Topbao OPPO Reno 10倍變焦版 冰晶蠶絲質感隱磁插卡保護皮套 (紫色),446,東森購物
PKG OPPO RENO 皮套-側翻磁扣皮套-幸運草-紫色,379,PChome線上購物
【萌萌噠】 歐珀 OPPO Reno 可愛卡通 月球小象小豬 全包紫色創意防摔軟殼 手機殼 附同款絲巾手繩,229,Yahoo超級商城
